"clave","titulo_bibtex","anio","publicacion","doi","url_acceso","lectura_integral_grupo","indexacion_individual","estado","ficha_evidencia"
"bengio1994","Learning Long-Term Dependencies with Gradient Descent Is Difficult","1994","IEEE Transactions on Neural Networks","10.1109/72.279181","https://www.cs.cmu.edu/~bhiksha/courses/deeplearning/Fall.2016/pdfs/Bengio_94.pdf","pendiente","pendiente","PDF abierto descargado; pasajes revisados por asistente","FUENTES_ABIERTAS.md"
"hochreiter1997","Long Short-Term Memory","1997","Neural Computation","10.1162/neco.1997.9.8.1735","https://www.bioinf.jku.at/publications/older/2604.pdf","pendiente","pendiente","PDF abierto descargado; pasajes revisados por asistente","FUENTES_ABIERTAS.md"
"bengio2003","A Neural Probabilistic Language Model","2003","Journal of Machine Learning Research","","https://www.jmlr.org/papers/volume3/bengio03a/bengio03a.pdf","pendiente","pendiente","PDF abierto descargado; pasajes revisados por asistente","FUENTES_ABIERTAS.md"
"mikolov2010","Recurrent Neural Network Based Language Model","2010","Proceedings of INTERSPEECH","10.21437/Interspeech.2010-343","https://www.isca-archive.org/interspeech_2010/mikolov10_interspeech.pdf","pendiente","pendiente","PDF abierto descargado; pasajes revisados por asistente","FUENTES_ABIERTAS.md"
"sundermeyer2012","{LSTM} Neural Networks for Language Modeling","2012","Proceedings of INTERSPEECH","10.21437/Interspeech.2012-65","https://www.isca-archive.org/interspeech_2012/sundermeyer12_interspeech.pdf","pendiente","pendiente","PDF abierto descargado; pasajes revisados por asistente","FUENTES_ABIERTAS.md"
"pascanu2013","On the Difficulty of Training Recurrent Neural Networks","2013","Proceedings of the 30th International Conference on Machine Learning","","https://proceedings.mlr.press/v28/pascanu13.pdf","pendiente","pendiente","PDF abierto descargado; pasajes revisados por asistente","FUENTES_ABIERTAS.md"
"srivastava2014","Dropout: A Simple Way to Prevent Neural Networks from Overfitting","2014","Journal of Machine Learning Research","","https://www.jmlr.org/papers/volume15/srivastava14a/srivastava14a.pdf","pendiente","pendiente","PDF abierto descargado; pasajes revisados por asistente","FUENTES_ABIERTAS.md"
"greff2017","{LSTM}: A Search Space Odyssey","2017","IEEE Transactions on Neural Networks and Learning Systems","10.1109/TNNLS.2016.2582924","https://arxiv.org/pdf/1503.04069","pendiente","pendiente","PDF abierto descargado; pasajes revisados por asistente","FUENTES_ABIERTAS.md"
"sherstinsky2020","Fundamentals of Recurrent Neural Network ({RNN}) and Long Short-Term Memory ({LSTM}) Network","2020","Physica D: Nonlinear Phenomena","10.1016/j.physd.2019.132306","https://arxiv.org/pdf/1808.03314","pendiente","pendiente","PDF abierto descargado; pasajes revisados por asistente","FUENTES_ABIERTAS.md"
"doval2016","Segmentaci{\'o}n de palabras en espa{\~n}ol mediante modelos del lenguaje basados en redes neuronales","2016","Procesamiento del Lenguaje Natural","","https://www.redalyc.org/pdf/5157/515754424008.pdf","pendiente","pendiente","PDF abierto descargado; pasajes revisados por asistente","FUENTES_ABIERTAS.md"
"taule2008","{AnCora}: Multilevel Annotated Corpora for Catalan and Spanish","2008","Proceedings of the Sixth International Conference on Language Resources and Evaluation","","https://aclanthology.org/L08-1222/","pendiente","pendiente","PDF abierto descargado; pasajes revisados por asistente","FUENTES_ABIERTAS.md"
"nivre2020","Universal Dependencies v2: An Evergrowing Multilingual Treebank Collection","2020","Proceedings of the Twelfth Language Resources and Evaluation Conference","","https://aclanthology.org/2020.lrec-1.497/","pendiente","pendiente","PDF abierto descargado; pasajes revisados por asistente","FUENTES_ABIERTAS.md"
